id,first_name,last_name,email,gender,avatar
1,Clarence,Chatt,cchatt0@washingtonpost.com,Male,https://robohash.org/voluptatemvoluptasnumquam.bmp?size=50x50&set=set1
2,Lodovico,Adrian,ladrian1@list-manage.com,Male,https://robohash.org/doloremsitet.bmp?size=50x50&set=set1
3,Christoforo,Stonman,cstonman2@cisco.com,Male,https://robohash.org/quaeaquibusdam.png?size=50x50&set=set1
4,Amandi,McMearty,amcmearty3@alexa.com,Female,https://robohash.org/quiavelnihil.jpg?size=50x50&set=set1
5,Elliott,Lewington,elewington4@flickr.com,Male,https://robohash.org/etquinecessitatibus.png?size=50x50&set=set1
6,Gene,O'Carrol,gocarrol5@hud.gov,Male,https://robohash.org/quisrerumminus.jpg?size=50x50&set=set1
7,Alix,Healey,ahealey6@spiegel.de,Male,https://robohash.org/euminet.png?size=50x50&set=set1
8,Gusella,Dolle,gdolle7@tripadvisor.com,Female,https://robohash.org/adipiscivelaccusamus.jpg?size=50x50&set=set1
9,Garvin,Warham,gwarham8@army.mil,Male,https://robohash.org/quiquamquia.png?size=50x50&set=set1
10,Gladys,Doughton,gdoughton9@jimdo.com,Female,https://robohash.org/hicquibusdamlabore.jpg?size=50x50&set=set1
